{
  "wells": {
    "A1": {
      "totalLiquidVolume": 3000,
      "xDimension": 8.5,
      "yDimension": 8.5,
      "shape": "rectangular",
      "depth": 53,
      "x": 9.75,
      "y": 36.75,
      "z": 0
    },
    "B1": {
      "totalLiquidVolume": 3000,
      "xDimension": 8.5,
      "yDimension": 8.5,
      "shape": "rectangular",
      "depth": 53,
      "x": 9.75,
      "y": 23.25,
      "z": 0
    },
    "C1": {
      "totalLiquidVolume": 3000,
      "xDimension": 8.5,
      "yDimension": 8.5,
      "shape": "rectangular",
      "depth": 53,
      "x": 9.75,
      "y": 9.75,
      "z": 0
    },
    "A3": {
      "totalLiquidVolume": 3000,
      "xDimension": 8.5,
      "yDimension": 8.5,
      "shape": "rectangular",
      "depth": 53,
      "x": 36.75,
      "y": 36.75,
      "z": 0
    },
    "B3": {
      "totalLiquidVolume": 3000,
      "xDimension": 8.5,
      "yDimension": 8.5,
      "shape": "rectangular",
      "depth": 53,
      "x": 36.75,
      "y": 23.25,
      "z": 0
    },
    "C3": {
      "totalLiquidVolume": 3000,
      "xDimension": 8.5,
      "yDimension": 8.5,
      "shape": "rectangular",
      "depth": 53,
      "x": 36.75,
      "y": 9.75,
      "z": 0
    },
    "A2": {
      "totalLiquidVolume": 3000,
      "xDimension": 8.5,
      "yDimension": 8.5,
      "shape": "rectangular",
      "depth": 53,
      "x": 23.25,
      "y": 9.75,
      "z": 0
    },
    "C2": {
      "totalLiquidVolume": 3000,
      "xDimension": 8.5,
      "yDimension": 8.5,
      "shape": "rectangular",
      "depth": 53,
      "x": 23.25,
      "y": 36.75,
      "z": 0
    },
    "B2": {
      "totalLiquidVolume": 2000,
      "xDimension": 8.5,
      "yDimension": 8.5,
      "shape": "rectangular",
      "depth": 27.09,
      "x": 23.25,
      "y": 23.25,
      "z": 0
    }
  },
  "groups": [
    {
      "metadata": {
        "displayName": "Custom 9 Tuberack",
        "displayCategory": "tubeRack",
        "wellBottomShape": "v"
      },
      "brand": {
        "brand": "Falcon",
        "brandId": [
          "352095",
          "352096",
          "352097",
          "352099",
          "352196"
        ],
        "links": [
          "https://ecatalog.corning.com/life-sciences/b2c/US/en/Liquid-Handling/Tubes,-Liquid-Handling/Centrifuge-Tubes/Falcon%C2%AE-Conical-Centrifuge-Tubes/p/falconConicalTubes"
        ]
      },
      "wells": [
        "A1",
        "B1",
        "C1"
      ]
    },
    {
      "metadata": {
        "displayName": "Custom 9 Tuberack",
        "displayCategory": "tubeRack",
        "wellBottomShape": "v"
      },
      "brand": {
        "brand": "Falcon",
        "brandId": [
          "352070",
          "352098"
        ],
        "links": [
          "https://ecatalog.corning.com/life-sciences/b2c/US/en/Liquid-Handling/Tubes,-Liquid-Handling/Centrifuge-Tubes/Falcon%C2%AE-Conical-Centrifuge-Tubes/p/falconConicalTubes"
        ]
      },
      "wells": [
        "A3",
        "B3",
        "C3"
      ]
    },
    {
      "metadata": {},
      "wells": [
        "A2"
      ]
    },
    {
      "metadata": {},
      "wells": [
        "C2"
      ]
    },
    {
      "metadata": {},
      "wells": [
        "B2"
      ]
    }
  ],
  "brand": {
    "brand": "Opentrons",
    "brandId": [],
    "links": [
      "https://shop.opentrons.com/collections/opentrons-tips/products/tube-rack-set-1"
    ]
  },
  "metadata": {
    "displayName": "Custom 9 Tuberack",
    "displayCategory": "tubeRack",
    "displayVolumeUnits": "mL",
    "tags": []
  },
  "dimensions": {
    "xDimension": 46.5,
    "yDimension": 46.5,
    "zDimension": 53
  },
  "parameters": {
    "format": "irregular",
    "isTiprack": false,
    "isMagneticModuleCompatible": false,
    "loadName": "opentrons_9_tuberack"
  },
  "ordering": [
    [
      "A1",
      "B1",
      "C1"
    ],
    [
      "A2",
      "B2",
      "C2"
    ],
    [
      "A3",
      "B3",
      "C3"
    ]
  ],
  "namespace": "custom_beta",
  "version": 1,
  "schemaVersion": 2,
  "cornerOffsetFromSlot": {
    "x": 0,
    "y": 0,
    "z": 0
  }
}
